onset	duration	value	sample	trial_type	stim_file
6.29	0	2	6290	up-chirp	transient/upchirp_stim.wav
7.521	0	2	7521	up-chirp	transient/upchirp_stim.wav
8.729	0	2	8729	up-chirp	transient/upchirp_stim.wav
9.914	0	2	9914	up-chirp	transient/upchirp_stim.wav
11.168	0	2	11168	up-chirp	transient/upchirp_stim.wav
12.399	0	2	12399	up-chirp	transient/upchirp_stim.wav
13.514	0	2	13514	up-chirp	transient/upchirp_stim.wav
14.769	0	2	14769	up-chirp	transient/upchirp_stim.wav
15.93	0	2	15930	up-chirp	transient/upchirp_stim.wav
17.139	0	2	17139	up-chirp	transient/upchirp_stim.wav
18.416	0	2	18416	up-chirp	transient/upchirp_stim.wav
19.671	0	2	19671	up-chirp	transient/upchirp_stim.wav
20.856	0	2	20856	up-chirp	transient/upchirp_stim.wav
21.971	0	2	21971	up-chirp	transient/upchirp_stim.wav
23.272	0	2	23272	up-chirp	transient/upchirp_stim.wav
24.549	0	2	24549	up-chirp	transient/upchirp_stim.wav
25.781	0	2	25781	up-chirp	transient/upchirp_stim.wav
27.012	0	2	27012	up-chirp	transient/upchirp_stim.wav
28.197	0	2	28197	up-chirp	transient/upchirp_stim.wav
29.381	0	2	29381	up-chirp	transient/upchirp_stim.wav
30.682	0	2	30682	up-chirp	transient/upchirp_stim.wav
31.89	0	2	31890	up-chirp	transient/upchirp_stim.wav
33.098	0	2	33098	up-chirp	transient/upchirp_stim.wav
34.237	0	2	34237	up-chirp	transient/upchirp_stim.wav
35.468	0	2	35468	up-chirp	transient/upchirp_stim.wav
36.769	0	2	36769	up-chirp	transient/upchirp_stim.wav
38.047	0	2	38047	up-chirp	transient/upchirp_stim.wav
39.185	0	2	39185	up-chirp	transient/upchirp_stim.wav
40.439	0	2	40439	up-chirp	transient/upchirp_stim.wav
41.764	0	2	41764	up-chirp	transient/upchirp_stim.wav
42.972	0	2	42972	up-chirp	transient/upchirp_stim.wav
44.18	0	2	44180	up-chirp	transient/upchirp_stim.wav
45.434	0	2	45434	up-chirp	transient/upchirp_stim.wav
46.735	0	2	46735	up-chirp	transient/upchirp_stim.wav
47.873	0	2	47873	up-chirp	transient/upchirp_stim.wav
49.128	0	2	49128	up-chirp	transient/upchirp_stim.wav
50.429	0	2	50429	up-chirp	transient/upchirp_stim.wav
51.66	0	2	51660	up-chirp	transient/upchirp_stim.wav
52.798	0	2	52798	up-chirp	transient/upchirp_stim.wav
53.96	0	2	53960	up-chirp	transient/upchirp_stim.wav
55.191	0	2	55191	up-chirp	transient/upchirp_stim.wav
56.376	0	2	56376	up-chirp	transient/upchirp_stim.wav
57.654	0	2	57654	up-chirp	transient/upchirp_stim.wav
58.931	0	2	58931	up-chirp	transient/upchirp_stim.wav
60.14	0	2	60140	up-chirp	transient/upchirp_stim.wav
61.44	0	2	61440	up-chirp	transient/upchirp_stim.wav
62.648	0	2	62648	up-chirp	transient/upchirp_stim.wav
63.926	0	2	63926	up-chirp	transient/upchirp_stim.wav
65.088	0	2	65088	up-chirp	transient/upchirp_stim.wav
66.203	0	2	66203	up-chirp	transient/upchirp_stim.wav
67.457	0	2	67457	up-chirp	transient/upchirp_stim.wav
68.758	0	2	68758	up-chirp	transient/upchirp_stim.wav
70.059	0	2	70059	up-chirp	transient/upchirp_stim.wav
71.29	0	2	71290	up-chirp	transient/upchirp_stim.wav
72.452	0	2	72452	up-chirp	transient/upchirp_stim.wav
73.637	0	2	73637	up-chirp	transient/upchirp_stim.wav
74.822	0	2	74822	up-chirp	transient/upchirp_stim.wav
76.146	0	2	76146	up-chirp	transient/upchirp_stim.wav
77.261	0	2	77261	up-chirp	transient/upchirp_stim.wav
78.539	0	2	78539	up-chirp	transient/upchirp_stim.wav
85.582	1	1	85582	audiobook 1s	audiobooks/task-audiobook1_run-01_stim.wav
86.583	1	1	86583	audiobook 1s	audiobooks/task-audiobook1_run-01_stim.wav
87.583	1	1	87583	audiobook 1s	audiobooks/task-audiobook1_run-01_stim.wav
88.584	1	1	88584	audiobook 1s	audiobooks/task-audiobook1_run-01_stim.wav
89.584	1	1	89584	audiobook 1s	audiobooks/task-audiobook1_run-01_stim.wav
90.585	1	1	90585	audiobook 1s	audiobooks/task-audiobook1_run-01_stim.wav
91.585	1	1	91585	audiobook 1s	audiobooks/task-audiobook1_run-01_stim.wav
92.586	1	1	92586	audiobook 1s	audiobooks/task-audiobook1_run-01_stim.wav
93.586	1	1	93586	audiobook 1s	audiobooks/task-audiobook1_run-01_stim.wav
94.587	1	1	94587	audiobook 1s	audiobooks/task-audiobook1_run-01_stim.wav
95.587	1	1	95587	audiobook 1s	audiobooks/task-audiobook1_run-01_stim.wav
96.588	1	1	96588	audiobook 1s	audiobooks/task-audiobook1_run-01_stim.wav
97.588	1	1	97588	audiobook 1s	audiobooks/task-audiobook1_run-01_stim.wav
98.589	1	1	98589	audiobook 1s	audiobooks/task-audiobook1_run-01_stim.wav
99.589	1	1	99589	audiobook 1s	audiobooks/task-audiobook1_run-01_stim.wav
100.59	1	1	100590	audiobook 1s	audiobooks/task-audiobook1_run-01_stim.wav
101.59	1	1	101590	audiobook 1s	audiobooks/task-audiobook1_run-01_stim.wav
102.591	1	1	102591	audiobook 1s	audiobooks/task-audiobook1_run-01_stim.wav
103.591	1	1	103591	audiobook 1s	audiobooks/task-audiobook1_run-01_stim.wav
104.592	1	1	104592	audiobook 1s	audiobooks/task-audiobook1_run-01_stim.wav
105.592	1	1	105592	audiobook 1s	audiobooks/task-audiobook1_run-01_stim.wav
106.593	1	1	106593	audiobook 1s	audiobooks/task-audiobook1_run-01_stim.wav
107.593	1	1	107593	audiobook 1s	audiobooks/task-audiobook1_run-01_stim.wav
108.594	1	1	108594	audiobook 1s	audiobooks/task-audiobook1_run-01_stim.wav
109.594	1	1	109594	audiobook 1s	audiobooks/task-audiobook1_run-01_stim.wav
110.595	1	1	110595	audiobook 1s	audiobooks/task-audiobook1_run-01_stim.wav
111.595	1	1	111595	audiobook 1s	audiobooks/task-audiobook1_run-01_stim.wav
112.596	1	1	112596	audiobook 1s	audiobooks/task-audiobook1_run-01_stim.wav
113.596	1	1	113596	audiobook 1s	audiobooks/task-audiobook1_run-01_stim.wav
114.596	1	1	114596	audiobook 1s	audiobooks/task-audiobook1_run-01_stim.wav
115.597	1	1	115597	audiobook 1s	audiobooks/task-audiobook1_run-01_stim.wav
116.597	1	1	116597	audiobook 1s	audiobooks/task-audiobook1_run-01_stim.wav
117.598	1	1	117598	audiobook 1s	audiobooks/task-audiobook1_run-01_stim.wav
118.598	1	1	118598	audiobook 1s	audiobooks/task-audiobook1_run-01_stim.wav
119.599	1	1	119599	audiobook 1s	audiobooks/task-audiobook1_run-01_stim.wav
120.599	1	1	120599	audiobook 1s	audiobooks/task-audiobook1_run-01_stim.wav
121.6	1	1	121600	audiobook 1s	audiobooks/task-audiobook1_run-01_stim.wav
122.6	1	1	122600	audiobook 1s	audiobooks/task-audiobook1_run-01_stim.wav
123.601	1	1	123601	audiobook 1s	audiobooks/task-audiobook1_run-01_stim.wav
124.601	1	1	124601	audiobook 1s	audiobooks/task-audiobook1_run-01_stim.wav
125.602	1	1	125602	audiobook 1s	audiobooks/task-audiobook1_run-01_stim.wav
126.602	1	1	126602	audiobook 1s	audiobooks/task-audiobook1_run-01_stim.wav
127.603	1	1	127603	audiobook 1s	audiobooks/task-audiobook1_run-01_stim.wav
128.603	1	1	128603	audiobook 1s	audiobooks/task-audiobook1_run-01_stim.wav
129.604	1	1	129604	audiobook 1s	audiobooks/task-audiobook1_run-01_stim.wav
130.604	1	1	130604	audiobook 1s	audiobooks/task-audiobook1_run-01_stim.wav
131.605	1	1	131605	audiobook 1s	audiobooks/task-audiobook1_run-01_stim.wav
132.605	1	1	132605	audiobook 1s	audiobooks/task-audiobook1_run-01_stim.wav
133.606	1	1	133606	audiobook 1s	audiobooks/task-audiobook1_run-01_stim.wav
134.606	1	1	134606	audiobook 1s	audiobooks/task-audiobook1_run-01_stim.wav
135.607	1	1	135607	audiobook 1s	audiobooks/task-audiobook1_run-01_stim.wav
136.607	1	1	136607	audiobook 1s	audiobooks/task-audiobook1_run-01_stim.wav
137.608	1	1	137608	audiobook 1s	audiobooks/task-audiobook1_run-01_stim.wav
138.608	1	1	138608	audiobook 1s	audiobooks/task-audiobook1_run-01_stim.wav
139.609	1	1	139609	audiobook 1s	audiobooks/task-audiobook1_run-01_stim.wav
140.609	1	1	140609	audiobook 1s	audiobooks/task-audiobook1_run-01_stim.wav
141.61	1	1	141610	audiobook 1s	audiobooks/task-audiobook1_run-01_stim.wav
142.61	1	1	142610	audiobook 1s	audiobooks/task-audiobook1_run-01_stim.wav
143.611	1	1	143611	audiobook 1s	audiobooks/task-audiobook1_run-01_stim.wav
144.611	1	1	144611	audiobook 1s	audiobooks/task-audiobook1_run-01_stim.wav
145.612	1	1	145612	audiobook 1s	audiobooks/task-audiobook1_run-01_stim.wav
146.612	1	1	146612	audiobook 1s	audiobooks/task-audiobook1_run-01_stim.wav
147.612	1	1	147612	audiobook 1s	audiobooks/task-audiobook1_run-01_stim.wav
148.613	1	1	148613	audiobook 1s	audiobooks/task-audiobook1_run-01_stim.wav
149.613	1	1	149613	audiobook 1s	audiobooks/task-audiobook1_run-01_stim.wav
150.614	1	1	150614	audiobook 1s	audiobooks/task-audiobook1_run-01_stim.wav
151.614	1	1	151614	audiobook 1s	audiobooks/task-audiobook1_run-01_stim.wav
152.615	1	1	152615	audiobook 1s	audiobooks/task-audiobook1_run-01_stim.wav
153.615	1	1	153615	audiobook 1s	audiobooks/task-audiobook1_run-01_stim.wav
154.616	1	1	154616	audiobook 1s	audiobooks/task-audiobook1_run-01_stim.wav
155.616	1	1	155616	audiobook 1s	audiobooks/task-audiobook1_run-01_stim.wav
156.617	1	1	156617	audiobook 1s	audiobooks/task-audiobook1_run-01_stim.wav
157.617	1	1	157617	audiobook 1s	audiobooks/task-audiobook1_run-01_stim.wav
158.618	1	1	158618	audiobook 1s	audiobooks/task-audiobook1_run-01_stim.wav
159.618	1	1	159618	audiobook 1s	audiobooks/task-audiobook1_run-01_stim.wav
160.619	1	1	160619	audiobook 1s	audiobooks/task-audiobook1_run-01_stim.wav
161.619	1	1	161619	audiobook 1s	audiobooks/task-audiobook1_run-01_stim.wav
162.62	1	1	162620	audiobook 1s	audiobooks/task-audiobook1_run-01_stim.wav
163.62	1	1	163620	audiobook 1s	audiobooks/task-audiobook1_run-01_stim.wav
164.621	1	1	164621	audiobook 1s	audiobooks/task-audiobook1_run-01_stim.wav
165.621	1	1	165621	audiobook 1s	audiobooks/task-audiobook1_run-01_stim.wav
166.622	1	1	166622	audiobook 1s	audiobooks/task-audiobook1_run-01_stim.wav
167.622	1	1	167622	audiobook 1s	audiobooks/task-audiobook1_run-01_stim.wav
168.623	1	1	168623	audiobook 1s	audiobooks/task-audiobook1_run-01_stim.wav
169.623	1	1	169623	audiobook 1s	audiobooks/task-audiobook1_run-01_stim.wav
170.624	1	1	170624	audiobook 1s	audiobooks/task-audiobook1_run-01_stim.wav
171.624	1	1	171624	audiobook 1s	audiobooks/task-audiobook1_run-01_stim.wav
172.625	1	1	172625	audiobook 1s	audiobooks/task-audiobook1_run-01_stim.wav
173.625	1	1	173625	audiobook 1s	audiobooks/task-audiobook1_run-01_stim.wav
174.626	1	1	174626	audiobook 1s	audiobooks/task-audiobook1_run-01_stim.wav
175.626	1	1	175626	audiobook 1s	audiobooks/task-audiobook1_run-01_stim.wav
176.627	1	1	176627	audiobook 1s	audiobooks/task-audiobook1_run-01_stim.wav
177.627	1	1	177627	audiobook 1s	audiobooks/task-audiobook1_run-01_stim.wav
178.628	1	1	178628	audiobook 1s	audiobooks/task-audiobook1_run-01_stim.wav
179.628	1	1	179628	audiobook 1s	audiobooks/task-audiobook1_run-01_stim.wav
180.628	1	1	180628	audiobook 1s	audiobooks/task-audiobook1_run-01_stim.wav
181.629	1	1	181629	audiobook 1s	audiobooks/task-audiobook1_run-01_stim.wav
182.629	1	1	182629	audiobook 1s	audiobooks/task-audiobook1_run-01_stim.wav
183.63	1	1	183630	audiobook 1s	audiobooks/task-audiobook1_run-01_stim.wav
184.63	1	1	184630	audiobook 1s	audiobooks/task-audiobook1_run-01_stim.wav
185.631	1	1	185631	audiobook 1s	audiobooks/task-audiobook1_run-01_stim.wav
186.631	1	1	186631	audiobook 1s	audiobooks/task-audiobook1_run-01_stim.wav
187.632	1	1	187632	audiobook 1s	audiobooks/task-audiobook1_run-01_stim.wav
188.632	1	1	188632	audiobook 1s	audiobooks/task-audiobook1_run-01_stim.wav
189.633	1	1	189633	audiobook 1s	audiobooks/task-audiobook1_run-01_stim.wav
190.633	1	1	190633	audiobook 1s	audiobooks/task-audiobook1_run-01_stim.wav
191.634	1	1	191634	audiobook 1s	audiobooks/task-audiobook1_run-01_stim.wav
192.634	1	1	192634	audiobook 1s	audiobooks/task-audiobook1_run-01_stim.wav
193.635	1	1	193635	audiobook 1s	audiobooks/task-audiobook1_run-01_stim.wav
194.635	1	1	194635	audiobook 1s	audiobooks/task-audiobook1_run-01_stim.wav
195.636	1	1	195636	audiobook 1s	audiobooks/task-audiobook1_run-01_stim.wav
196.636	1	1	196636	audiobook 1s	audiobooks/task-audiobook1_run-01_stim.wav
197.637	1	1	197637	audiobook 1s	audiobooks/task-audiobook1_run-01_stim.wav
198.637	1	1	198637	audiobook 1s	audiobooks/task-audiobook1_run-01_stim.wav
199.638	1	1	199638	audiobook 1s	audiobooks/task-audiobook1_run-01_stim.wav
200.638	1	1	200638	audiobook 1s	audiobooks/task-audiobook1_run-01_stim.wav
201.639	1	1	201639	audiobook 1s	audiobooks/task-audiobook1_run-01_stim.wav
202.639	1	1	202639	audiobook 1s	audiobooks/task-audiobook1_run-01_stim.wav
203.64	1	1	203640	audiobook 1s	audiobooks/task-audiobook1_run-01_stim.wav
204.64	1	1	204640	audiobook 1s	audiobooks/task-audiobook1_run-01_stim.wav
205.641	1	1	205641	audiobook 1s	audiobooks/task-audiobook1_run-01_stim.wav
206.641	1	1	206641	audiobook 1s	audiobooks/task-audiobook1_run-01_stim.wav
207.642	1	1	207642	audiobook 1s	audiobooks/task-audiobook1_run-01_stim.wav
208.642	1	1	208642	audiobook 1s	audiobooks/task-audiobook1_run-01_stim.wav
209.643	1	1	209643	audiobook 1s	audiobooks/task-audiobook1_run-01_stim.wav
210.643	1	1	210643	audiobook 1s	audiobooks/task-audiobook1_run-01_stim.wav
211.644	1	1	211644	audiobook 1s	audiobooks/task-audiobook1_run-01_stim.wav
212.644	1	1	212644	audiobook 1s	audiobooks/task-audiobook1_run-01_stim.wav
213.644	1	1	213644	audiobook 1s	audiobooks/task-audiobook1_run-01_stim.wav
214.645	1	1	214645	audiobook 1s	audiobooks/task-audiobook1_run-01_stim.wav
215.645	1	1	215645	audiobook 1s	audiobooks/task-audiobook1_run-01_stim.wav
216.646	1	1	216646	audiobook 1s	audiobooks/task-audiobook1_run-01_stim.wav
217.646	1	1	217646	audiobook 1s	audiobooks/task-audiobook1_run-01_stim.wav
218.647	1	1	218647	audiobook 1s	audiobooks/task-audiobook1_run-01_stim.wav
219.647	1	1	219647	audiobook 1s	audiobooks/task-audiobook1_run-01_stim.wav
220.648	1	1	220648	audiobook 1s	audiobooks/task-audiobook1_run-01_stim.wav
221.648	1	1	221648	audiobook 1s	audiobooks/task-audiobook1_run-01_stim.wav
222.649	1	1	222649	audiobook 1s	audiobooks/task-audiobook1_run-01_stim.wav
223.649	1	1	223649	audiobook 1s	audiobooks/task-audiobook1_run-01_stim.wav
224.65	1	1	224650	audiobook 1s	audiobooks/task-audiobook1_run-01_stim.wav
225.65	1	1	225650	audiobook 1s	audiobooks/task-audiobook1_run-01_stim.wav
226.651	1	1	226651	audiobook 1s	audiobooks/task-audiobook1_run-01_stim.wav
227.651	1	1	227651	audiobook 1s	audiobooks/task-audiobook1_run-01_stim.wav
228.652	1	1	228652	audiobook 1s	audiobooks/task-audiobook1_run-01_stim.wav
229.652	1	1	229652	audiobook 1s	audiobooks/task-audiobook1_run-01_stim.wav
230.653	1	1	230653	audiobook 1s	audiobooks/task-audiobook1_run-01_stim.wav
231.653	1	1	231653	audiobook 1s	audiobooks/task-audiobook1_run-01_stim.wav
232.654	1	1	232654	audiobook 1s	audiobooks/task-audiobook1_run-01_stim.wav
233.654	1	1	233654	audiobook 1s	audiobooks/task-audiobook1_run-01_stim.wav
234.655	1	1	234655	audiobook 1s	audiobooks/task-audiobook1_run-01_stim.wav
235.655	1	1	235655	audiobook 1s	audiobooks/task-audiobook1_run-01_stim.wav
236.656	1	1	236656	audiobook 1s	audiobooks/task-audiobook1_run-01_stim.wav
237.656	1	1	237656	audiobook 1s	audiobooks/task-audiobook1_run-01_stim.wav
238.657	1	1	238657	audiobook 1s	audiobooks/task-audiobook1_run-01_stim.wav
239.657	1	1	239657	audiobook 1s	audiobooks/task-audiobook1_run-01_stim.wav
240.658	1	1	240658	audiobook 1s	audiobooks/task-audiobook1_run-01_stim.wav
241.658	1	1	241658	audiobook 1s	audiobooks/task-audiobook1_run-01_stim.wav
242.659	1	1	242659	audiobook 1s	audiobooks/task-audiobook1_run-01_stim.wav
243.659	1	1	243659	audiobook 1s	audiobooks/task-audiobook1_run-01_stim.wav
244.66	1	1	244660	audiobook 1s	audiobooks/task-audiobook1_run-01_stim.wav
245.66	1	1	245660	audiobook 1s	audiobooks/task-audiobook1_run-01_stim.wav
246.66	1	1	246660	audiobook 1s	audiobooks/task-audiobook1_run-01_stim.wav
247.661	1	1	247661	audiobook 1s	audiobooks/task-audiobook1_run-01_stim.wav
248.661	1	1	248661	audiobook 1s	audiobooks/task-audiobook1_run-01_stim.wav
249.662	1	1	249662	audiobook 1s	audiobooks/task-audiobook1_run-01_stim.wav
250.662	1	1	250662	audiobook 1s	audiobooks/task-audiobook1_run-01_stim.wav
251.663	1	1	251663	audiobook 1s	audiobooks/task-audiobook1_run-01_stim.wav
252.663	1	1	252663	audiobook 1s	audiobooks/task-audiobook1_run-01_stim.wav
253.664	1	1	253664	audiobook 1s	audiobooks/task-audiobook1_run-01_stim.wav
254.664	1	1	254664	audiobook 1s	audiobooks/task-audiobook1_run-01_stim.wav
255.665	1	1	255665	audiobook 1s	audiobooks/task-audiobook1_run-01_stim.wav
256.665	1	1	256665	audiobook 1s	audiobooks/task-audiobook1_run-01_stim.wav
257.666	1	1	257666	audiobook 1s	audiobooks/task-audiobook1_run-01_stim.wav
258.666	1	1	258666	audiobook 1s	audiobooks/task-audiobook1_run-01_stim.wav
259.667	1	1	259667	audiobook 1s	audiobooks/task-audiobook1_run-01_stim.wav
260.667	1	1	260667	audiobook 1s	audiobooks/task-audiobook1_run-01_stim.wav
261.668	1	1	261668	audiobook 1s	audiobooks/task-audiobook1_run-01_stim.wav
262.668	1	1	262668	audiobook 1s	audiobooks/task-audiobook1_run-01_stim.wav
263.669	1	1	263669	audiobook 1s	audiobooks/task-audiobook1_run-01_stim.wav
264.669	1	1	264669	audiobook 1s	audiobooks/task-audiobook1_run-01_stim.wav
265.67	1	1	265670	audiobook 1s	audiobooks/task-audiobook1_run-01_stim.wav
266.67	1	1	266670	audiobook 1s	audiobooks/task-audiobook1_run-01_stim.wav
267.671	1	1	267671	audiobook 1s	audiobooks/task-audiobook1_run-01_stim.wav
268.671	1	1	268671	audiobook 1s	audiobooks/task-audiobook1_run-01_stim.wav
269.672	1	1	269672	audiobook 1s	audiobooks/task-audiobook1_run-01_stim.wav
270.672	1	1	270672	audiobook 1s	audiobooks/task-audiobook1_run-01_stim.wav
271.673	1	1	271673	audiobook 1s	audiobooks/task-audiobook1_run-01_stim.wav
272.673	1	1	272673	audiobook 1s	audiobooks/task-audiobook1_run-01_stim.wav
273.674	1	1	273674	audiobook 1s	audiobooks/task-audiobook1_run-01_stim.wav
274.674	1	1	274674	audiobook 1s	audiobooks/task-audiobook1_run-01_stim.wav
275.675	1	1	275675	audiobook 1s	audiobooks/task-audiobook1_run-01_stim.wav
276.675	1	1	276675	audiobook 1s	audiobooks/task-audiobook1_run-01_stim.wav
277.676	1	1	277676	audiobook 1s	audiobooks/task-audiobook1_run-01_stim.wav
278.676	1	1	278676	audiobook 1s	audiobooks/task-audiobook1_run-01_stim.wav
279.677	1	1	279677	audiobook 1s	audiobooks/task-audiobook1_run-01_stim.wav
280.677	1	1	280677	audiobook 1s	audiobooks/task-audiobook1_run-01_stim.wav
281.677	1	1	281677	audiobook 1s	audiobooks/task-audiobook1_run-01_stim.wav
282.678	1	1	282678	audiobook 1s	audiobooks/task-audiobook1_run-01_stim.wav
283.678	1	1	283678	audiobook 1s	audiobooks/task-audiobook1_run-01_stim.wav
284.679	1	1	284679	audiobook 1s	audiobooks/task-audiobook1_run-01_stim.wav
285.679	1	1	285679	audiobook 1s	audiobooks/task-audiobook1_run-01_stim.wav
286.68	1	1	286680	audiobook 1s	audiobooks/task-audiobook1_run-01_stim.wav
287.68	1	1	287680	audiobook 1s	audiobooks/task-audiobook1_run-01_stim.wav
288.681	1	1	288681	audiobook 1s	audiobooks/task-audiobook1_run-01_stim.wav
289.681	1	1	289681	audiobook 1s	audiobooks/task-audiobook1_run-01_stim.wav
290.682	1	1	290682	audiobook 1s	audiobooks/task-audiobook1_run-01_stim.wav
291.682	1	1	291682	audiobook 1s	audiobooks/task-audiobook1_run-01_stim.wav
292.683	1	1	292683	audiobook 1s	audiobooks/task-audiobook1_run-01_stim.wav
293.683	1	1	293683	audiobook 1s	audiobooks/task-audiobook1_run-01_stim.wav
294.684	1	1	294684	audiobook 1s	audiobooks/task-audiobook1_run-01_stim.wav
295.684	1	1	295684	audiobook 1s	audiobooks/task-audiobook1_run-01_stim.wav
296.685	1	1	296685	audiobook 1s	audiobooks/task-audiobook1_run-01_stim.wav
297.685	1	1	297685	audiobook 1s	audiobooks/task-audiobook1_run-01_stim.wav
298.686	1	1	298686	audiobook 1s	audiobooks/task-audiobook1_run-01_stim.wav
299.686	1	1	299686	audiobook 1s	audiobooks/task-audiobook1_run-01_stim.wav
300.687	1	1	300687	audiobook 1s	audiobooks/task-audiobook1_run-01_stim.wav
301.687	1	1	301687	audiobook 1s	audiobooks/task-audiobook1_run-01_stim.wav
302.688	1	1	302688	audiobook 1s	audiobooks/task-audiobook1_run-01_stim.wav
303.688	1	1	303688	audiobook 1s	audiobooks/task-audiobook1_run-01_stim.wav
304.689	1	1	304689	audiobook 1s	audiobooks/task-audiobook1_run-01_stim.wav
305.689	1	1	305689	audiobook 1s	audiobooks/task-audiobook1_run-01_stim.wav
306.69	1	1	306690	audiobook 1s	audiobooks/task-audiobook1_run-01_stim.wav
307.69	1	1	307690	audiobook 1s	audiobooks/task-audiobook1_run-01_stim.wav
308.691	1	1	308691	audiobook 1s	audiobooks/task-audiobook1_run-01_stim.wav
309.691	1	1	309691	audiobook 1s	audiobooks/task-audiobook1_run-01_stim.wav
310.692	1	1	310692	audiobook 1s	audiobooks/task-audiobook1_run-01_stim.wav
311.692	1	1	311692	audiobook 1s	audiobooks/task-audiobook1_run-01_stim.wav
312.693	1	1	312693	audiobook 1s	audiobooks/task-audiobook1_run-01_stim.wav
313.693	1	1	313693	audiobook 1s	audiobooks/task-audiobook1_run-01_stim.wav
314.693	1	1	314693	audiobook 1s	audiobooks/task-audiobook1_run-01_stim.wav
315.694	1	1	315694	audiobook 1s	audiobooks/task-audiobook1_run-01_stim.wav
316.694	1	1	316694	audiobook 1s	audiobooks/task-audiobook1_run-01_stim.wav
317.695	1	1	317695	audiobook 1s	audiobooks/task-audiobook1_run-01_stim.wav
318.695	1	1	318695	audiobook 1s	audiobooks/task-audiobook1_run-01_stim.wav
319.696	1	1	319696	audiobook 1s	audiobooks/task-audiobook1_run-01_stim.wav
320.696	1	1	320696	audiobook 1s	audiobooks/task-audiobook1_run-01_stim.wav
321.697	1	1	321697	audiobook 1s	audiobooks/task-audiobook1_run-01_stim.wav
322.697	1	1	322697	audiobook 1s	audiobooks/task-audiobook1_run-01_stim.wav
323.698	1	1	323698	audiobook 1s	audiobooks/task-audiobook1_run-01_stim.wav
324.698	1	1	324698	audiobook 1s	audiobooks/task-audiobook1_run-01_stim.wav
325.699	1	1	325699	audiobook 1s	audiobooks/task-audiobook1_run-01_stim.wav
326.699	1	1	326699	audiobook 1s	audiobooks/task-audiobook1_run-01_stim.wav
327.7	1	1	327700	audiobook 1s	audiobooks/task-audiobook1_run-01_stim.wav
328.7	1	1	328700	audiobook 1s	audiobooks/task-audiobook1_run-01_stim.wav
329.701	1	1	329701	audiobook 1s	audiobooks/task-audiobook1_run-01_stim.wav
330.701	1	1	330701	audiobook 1s	audiobooks/task-audiobook1_run-01_stim.wav
331.702	1	1	331702	audiobook 1s	audiobooks/task-audiobook1_run-01_stim.wav
332.702	1	1	332702	audiobook 1s	audiobooks/task-audiobook1_run-01_stim.wav
333.703	1	1	333703	audiobook 1s	audiobooks/task-audiobook1_run-01_stim.wav
334.703	1	1	334703	audiobook 1s	audiobooks/task-audiobook1_run-01_stim.wav
335.704	1	1	335704	audiobook 1s	audiobooks/task-audiobook1_run-01_stim.wav
336.704	1	1	336704	audiobook 1s	audiobooks/task-audiobook1_run-01_stim.wav
337.705	1	1	337705	audiobook 1s	audiobooks/task-audiobook1_run-01_stim.wav
338.705	1	1	338705	audiobook 1s	audiobooks/task-audiobook1_run-01_stim.wav
339.706	1	1	339706	audiobook 1s	audiobooks/task-audiobook1_run-01_stim.wav
340.706	1	1	340706	audiobook 1s	audiobooks/task-audiobook1_run-01_stim.wav
341.707	1	1	341707	audiobook 1s	audiobooks/task-audiobook1_run-01_stim.wav
342.707	1	1	342707	audiobook 1s	audiobooks/task-audiobook1_run-01_stim.wav
343.708	1	1	343708	audiobook 1s	audiobooks/task-audiobook1_run-01_stim.wav
344.708	1	1	344708	audiobook 1s	audiobooks/task-audiobook1_run-01_stim.wav
345.709	1	1	345709	audiobook 1s	audiobooks/task-audiobook1_run-01_stim.wav
346.709	1	1	346709	audiobook 1s	audiobooks/task-audiobook1_run-01_stim.wav
347.709	1	1	347709	audiobook 1s	audiobooks/task-audiobook1_run-01_stim.wav
348.71	1	1	348710	audiobook 1s	audiobooks/task-audiobook1_run-01_stim.wav
349.71	1	1	349710	audiobook 1s	audiobooks/task-audiobook1_run-01_stim.wav
350.711	1	1	350711	audiobook 1s	audiobooks/task-audiobook1_run-01_stim.wav
351.711	1	1	351711	audiobook 1s	audiobooks/task-audiobook1_run-01_stim.wav
352.712	1	1	352712	audiobook 1s	audiobooks/task-audiobook1_run-01_stim.wav
353.712	1	1	353712	audiobook 1s	audiobooks/task-audiobook1_run-01_stim.wav
354.713	1	1	354713	audiobook 1s	audiobooks/task-audiobook1_run-01_stim.wav
355.713	1	1	355713	audiobook 1s	audiobooks/task-audiobook1_run-01_stim.wav
356.714	1	1	356714	audiobook 1s	audiobooks/task-audiobook1_run-01_stim.wav
357.714	1	1	357714	audiobook 1s	audiobooks/task-audiobook1_run-01_stim.wav
358.715	1	1	358715	audiobook 1s	audiobooks/task-audiobook1_run-01_stim.wav
359.715	1	1	359715	audiobook 1s	audiobooks/task-audiobook1_run-01_stim.wav
360.716	1	1	360716	audiobook 1s	audiobooks/task-audiobook1_run-01_stim.wav
361.716	1	1	361716	audiobook 1s	audiobooks/task-audiobook1_run-01_stim.wav
362.717	1	1	362717	audiobook 1s	audiobooks/task-audiobook1_run-01_stim.wav
363.717	1	1	363717	audiobook 1s	audiobooks/task-audiobook1_run-01_stim.wav
364.718	1	1	364718	audiobook 1s	audiobooks/task-audiobook1_run-01_stim.wav
365.718	1	1	365718	audiobook 1s	audiobooks/task-audiobook1_run-01_stim.wav
366.719	1	1	366719	audiobook 1s	audiobooks/task-audiobook1_run-01_stim.wav
367.719	1	1	367719	audiobook 1s	audiobooks/task-audiobook1_run-01_stim.wav
368.72	1	1	368720	audiobook 1s	audiobooks/task-audiobook1_run-01_stim.wav
369.72	1	1	369720	audiobook 1s	audiobooks/task-audiobook1_run-01_stim.wav
370.721	1	1	370721	audiobook 1s	audiobooks/task-audiobook1_run-01_stim.wav
371.721	1	1	371721	audiobook 1s	audiobooks/task-audiobook1_run-01_stim.wav
372.722	1	1	372722	audiobook 1s	audiobooks/task-audiobook1_run-01_stim.wav
373.722	1	1	373722	audiobook 1s	audiobooks/task-audiobook1_run-01_stim.wav
374.723	1	1	374723	audiobook 1s	audiobooks/task-audiobook1_run-01_stim.wav
375.723	1	1	375723	audiobook 1s	audiobooks/task-audiobook1_run-01_stim.wav
376.724	1	1	376724	audiobook 1s	audiobooks/task-audiobook1_run-01_stim.wav
377.724	1	1	377724	audiobook 1s	audiobooks/task-audiobook1_run-01_stim.wav
378.725	1	1	378725	audiobook 1s	audiobooks/task-audiobook1_run-01_stim.wav
379.725	1	1	379725	audiobook 1s	audiobooks/task-audiobook1_run-01_stim.wav
380.725	1	1	380725	audiobook 1s	audiobooks/task-audiobook1_run-01_stim.wav
381.726	1	1	381726	audiobook 1s	audiobooks/task-audiobook1_run-01_stim.wav
382.726	1	1	382726	audiobook 1s	audiobooks/task-audiobook1_run-01_stim.wav
383.727	1	1	383727	audiobook 1s	audiobooks/task-audiobook1_run-01_stim.wav
384.727	1	1	384727	audiobook 1s	audiobooks/task-audiobook1_run-01_stim.wav
385.728	1	1	385728	audiobook 1s	audiobooks/task-audiobook1_run-01_stim.wav
386.728	1	1	386728	audiobook 1s	audiobooks/task-audiobook1_run-01_stim.wav
387.729	1	1	387729	audiobook 1s	audiobooks/task-audiobook1_run-01_stim.wav
388.729	1	1	388729	audiobook 1s	audiobooks/task-audiobook1_run-01_stim.wav
389.73	1	1	389730	audiobook 1s	audiobooks/task-audiobook1_run-01_stim.wav
390.73	1	1	390730	audiobook 1s	audiobooks/task-audiobook1_run-01_stim.wav
391.731	1	1	391731	audiobook 1s	audiobooks/task-audiobook1_run-01_stim.wav
392.731	1	1	392731	audiobook 1s	audiobooks/task-audiobook1_run-01_stim.wav
393.732	1	1	393732	audiobook 1s	audiobooks/task-audiobook1_run-01_stim.wav
394.732	1	1	394732	audiobook 1s	audiobooks/task-audiobook1_run-01_stim.wav
395.733	1	1	395733	audiobook 1s	audiobooks/task-audiobook1_run-01_stim.wav
396.733	1	1	396733	audiobook 1s	audiobooks/task-audiobook1_run-01_stim.wav
397.734	1	1	397734	audiobook 1s	audiobooks/task-audiobook1_run-01_stim.wav
398.734	1	1	398734	audiobook 1s	audiobooks/task-audiobook1_run-01_stim.wav
399.735	1	1	399735	audiobook 1s	audiobooks/task-audiobook1_run-01_stim.wav
400.735	1	1	400735	audiobook 1s	audiobooks/task-audiobook1_run-01_stim.wav
401.736	1	1	401736	audiobook 1s	audiobooks/task-audiobook1_run-01_stim.wav
402.736	1	1	402736	audiobook 1s	audiobooks/task-audiobook1_run-01_stim.wav
403.737	1	1	403737	audiobook 1s	audiobooks/task-audiobook1_run-01_stim.wav
404.737	1	1	404737	audiobook 1s	audiobooks/task-audiobook1_run-01_stim.wav
405.738	1	1	405738	audiobook 1s	audiobooks/task-audiobook1_run-01_stim.wav
406.738	1	1	406738	audiobook 1s	audiobooks/task-audiobook1_run-01_stim.wav
407.739	1	1	407739	audiobook 1s	audiobooks/task-audiobook1_run-01_stim.wav
408.739	1	1	408739	audiobook 1s	audiobooks/task-audiobook1_run-01_stim.wav
409.74	1	1	409740	audiobook 1s	audiobooks/task-audiobook1_run-01_stim.wav
410.74	1	1	410740	audiobook 1s	audiobooks/task-audiobook1_run-01_stim.wav
411.741	1	1	411741	audiobook 1s	audiobooks/task-audiobook1_run-01_stim.wav
412.741	1	1	412741	audiobook 1s	audiobooks/task-audiobook1_run-01_stim.wav
413.742	1	1	413742	audiobook 1s	audiobooks/task-audiobook1_run-01_stim.wav
414.742	1	1	414742	audiobook 1s	audiobooks/task-audiobook1_run-01_stim.wav
415.742	1	1	415742	audiobook 1s	audiobooks/task-audiobook1_run-01_stim.wav
416.743	1	1	416743	audiobook 1s	audiobooks/task-audiobook1_run-01_stim.wav
417.743	1	1	417743	audiobook 1s	audiobooks/task-audiobook1_run-01_stim.wav
418.744	1	1	418744	audiobook 1s	audiobooks/task-audiobook1_run-01_stim.wav
419.744	1	1	419744	audiobook 1s	audiobooks/task-audiobook1_run-01_stim.wav
420.745	1	1	420745	audiobook 1s	audiobooks/task-audiobook1_run-01_stim.wav
421.745	1	1	421745	audiobook 1s	audiobooks/task-audiobook1_run-01_stim.wav
422.746	1	1	422746	audiobook 1s	audiobooks/task-audiobook1_run-01_stim.wav
423.746	1	1	423746	audiobook 1s	audiobooks/task-audiobook1_run-01_stim.wav
424.747	1	1	424747	audiobook 1s	audiobooks/task-audiobook1_run-01_stim.wav
425.747	1	1	425747	audiobook 1s	audiobooks/task-audiobook1_run-01_stim.wav
426.748	1	1	426748	audiobook 1s	audiobooks/task-audiobook1_run-01_stim.wav
427.748	1	1	427748	audiobook 1s	audiobooks/task-audiobook1_run-01_stim.wav
428.749	1	1	428749	audiobook 1s	audiobooks/task-audiobook1_run-01_stim.wav
429.749	1	1	429749	audiobook 1s	audiobooks/task-audiobook1_run-01_stim.wav
430.75	1	1	430750	audiobook 1s	audiobooks/task-audiobook1_run-01_stim.wav
431.75	1	1	431750	audiobook 1s	audiobooks/task-audiobook1_run-01_stim.wav
432.751	1	1	432751	audiobook 1s	audiobooks/task-audiobook1_run-01_stim.wav
433.751	1	1	433751	audiobook 1s	audiobooks/task-audiobook1_run-01_stim.wav
434.752	1	1	434752	audiobook 1s	audiobooks/task-audiobook1_run-01_stim.wav
435.752	1	1	435752	audiobook 1s	audiobooks/task-audiobook1_run-01_stim.wav
436.753	1	1	436753	audiobook 1s	audiobooks/task-audiobook1_run-01_stim.wav
437.753	1	1	437753	audiobook 1s	audiobooks/task-audiobook1_run-01_stim.wav
438.754	1	1	438754	audiobook 1s	audiobooks/task-audiobook1_run-01_stim.wav
439.754	1	1	439754	audiobook 1s	audiobooks/task-audiobook1_run-01_stim.wav
440.755	1	1	440755	audiobook 1s	audiobooks/task-audiobook1_run-01_stim.wav
441.755	1	1	441755	audiobook 1s	audiobooks/task-audiobook1_run-01_stim.wav
442.756	1	1	442756	audiobook 1s	audiobooks/task-audiobook1_run-01_stim.wav
443.756	1	1	443756	audiobook 1s	audiobooks/task-audiobook1_run-01_stim.wav
444.757	1	1	444757	audiobook 1s	audiobooks/task-audiobook1_run-01_stim.wav
445.757	1	1	445757	audiobook 1s	audiobooks/task-audiobook1_run-01_stim.wav
446.758	1	1	446758	audiobook 1s	audiobooks/task-audiobook1_run-01_stim.wav
447.758	1	1	447758	audiobook 1s	audiobooks/task-audiobook1_run-01_stim.wav
448.758	1	1	448758	audiobook 1s	audiobooks/task-audiobook1_run-01_stim.wav
449.759	1	1	449759	audiobook 1s	audiobooks/task-audiobook1_run-01_stim.wav
450.759	1	1	450759	audiobook 1s	audiobooks/task-audiobook1_run-01_stim.wav
451.76	1	1	451760	audiobook 1s	audiobooks/task-audiobook1_run-01_stim.wav
452.76	1	1	452760	audiobook 1s	audiobooks/task-audiobook1_run-01_stim.wav
453.761	1	1	453761	audiobook 1s	audiobooks/task-audiobook1_run-01_stim.wav
454.761	1	1	454761	audiobook 1s	audiobooks/task-audiobook1_run-01_stim.wav
455.762	1	1	455762	audiobook 1s	audiobooks/task-audiobook1_run-01_stim.wav
456.762	1	1	456762	audiobook 1s	audiobooks/task-audiobook1_run-01_stim.wav
457.763	1	1	457763	audiobook 1s	audiobooks/task-audiobook1_run-01_stim.wav
458.763	1	1	458763	audiobook 1s	audiobooks/task-audiobook1_run-01_stim.wav
459.764	1	1	459764	audiobook 1s	audiobooks/task-audiobook1_run-01_stim.wav
460.764	1	1	460764	audiobook 1s	audiobooks/task-audiobook1_run-01_stim.wav
461.765	1	1	461765	audiobook 1s	audiobooks/task-audiobook1_run-01_stim.wav
462.765	1	1	462765	audiobook 1s	audiobooks/task-audiobook1_run-01_stim.wav
463.766	1	1	463766	audiobook 1s	audiobooks/task-audiobook1_run-01_stim.wav
464.766	1	1	464766	audiobook 1s	audiobooks/task-audiobook1_run-01_stim.wav
465.767	1	1	465767	audiobook 1s	audiobooks/task-audiobook1_run-01_stim.wav
466.767	1	1	466767	audiobook 1s	audiobooks/task-audiobook1_run-01_stim.wav
467.768	1	1	467768	audiobook 1s	audiobooks/task-audiobook1_run-01_stim.wav
468.768	1	1	468768	audiobook 1s	audiobooks/task-audiobook1_run-01_stim.wav
469.769	1	1	469769	audiobook 1s	audiobooks/task-audiobook1_run-01_stim.wav
470.769	1	1	470769	audiobook 1s	audiobooks/task-audiobook1_run-01_stim.wav
471.77	1	1	471770	audiobook 1s	audiobooks/task-audiobook1_run-01_stim.wav
472.77	1	1	472770	audiobook 1s	audiobooks/task-audiobook1_run-01_stim.wav
473.771	1	1	473771	audiobook 1s	audiobooks/task-audiobook1_run-01_stim.wav
474.771	1	1	474771	audiobook 1s	audiobooks/task-audiobook1_run-01_stim.wav
475.772	1	1	475772	audiobook 1s	audiobooks/task-audiobook1_run-01_stim.wav
476.772	1	1	476772	audiobook 1s	audiobooks/task-audiobook1_run-01_stim.wav
477.773	1	1	477773	audiobook 1s	audiobooks/task-audiobook1_run-01_stim.wav
478.773	1	1	478773	audiobook 1s	audiobooks/task-audiobook1_run-01_stim.wav
479.774	1	1	479774	audiobook 1s	audiobooks/task-audiobook1_run-01_stim.wav
480.774	1	1	480774	audiobook 1s	audiobooks/task-audiobook1_run-01_stim.wav
481.774	1	1	481774	audiobook 1s	audiobooks/task-audiobook1_run-01_stim.wav
482.775	1	1	482775	audiobook 1s	audiobooks/task-audiobook1_run-01_stim.wav
483.775	1	1	483775	audiobook 1s	audiobooks/task-audiobook1_run-01_stim.wav
484.776	1	1	484776	audiobook 1s	audiobooks/task-audiobook1_run-01_stim.wav
485.776	1	1	485776	audiobook 1s	audiobooks/task-audiobook1_run-01_stim.wav
486.777	1	1	486777	audiobook 1s	audiobooks/task-audiobook1_run-01_stim.wav
487.777	1	1	487777	audiobook 1s	audiobooks/task-audiobook1_run-01_stim.wav
488.778	1	1	488778	audiobook 1s	audiobooks/task-audiobook1_run-01_stim.wav
489.778	1	1	489778	audiobook 1s	audiobooks/task-audiobook1_run-01_stim.wav
490.779	1	1	490779	audiobook 1s	audiobooks/task-audiobook1_run-01_stim.wav
491.779	1	1	491779	audiobook 1s	audiobooks/task-audiobook1_run-01_stim.wav
492.78	1	1	492780	audiobook 1s	audiobooks/task-audiobook1_run-01_stim.wav
493.78	1	1	493780	audiobook 1s	audiobooks/task-audiobook1_run-01_stim.wav
494.781	1	1	494781	audiobook 1s	audiobooks/task-audiobook1_run-01_stim.wav
495.781	1	1	495781	audiobook 1s	audiobooks/task-audiobook1_run-01_stim.wav
496.782	1	1	496782	audiobook 1s	audiobooks/task-audiobook1_run-01_stim.wav
497.782	1	1	497782	audiobook 1s	audiobooks/task-audiobook1_run-01_stim.wav
498.783	1	1	498783	audiobook 1s	audiobooks/task-audiobook1_run-01_stim.wav
499.783	1	1	499783	audiobook 1s	audiobooks/task-audiobook1_run-01_stim.wav
500.784	1	1	500784	audiobook 1s	audiobooks/task-audiobook1_run-01_stim.wav
501.784	1	1	501784	audiobook 1s	audiobooks/task-audiobook1_run-01_stim.wav
502.785	1	1	502785	audiobook 1s	audiobooks/task-audiobook1_run-01_stim.wav
503.785	1	1	503785	audiobook 1s	audiobooks/task-audiobook1_run-01_stim.wav
504.786	1	1	504786	audiobook 1s	audiobooks/task-audiobook1_run-01_stim.wav
505.786	1	1	505786	audiobook 1s	audiobooks/task-audiobook1_run-01_stim.wav
506.787	1	1	506787	audiobook 1s	audiobooks/task-audiobook1_run-01_stim.wav
507.787	1	1	507787	audiobook 1s	audiobooks/task-audiobook1_run-01_stim.wav
508.788	1	1	508788	audiobook 1s	audiobooks/task-audiobook1_run-01_stim.wav
509.788	1	1	509788	audiobook 1s	audiobooks/task-audiobook1_run-01_stim.wav
510.789	1	1	510789	audiobook 1s	audiobooks/task-audiobook1_run-01_stim.wav
511.789	1	1	511789	audiobook 1s	audiobooks/task-audiobook1_run-01_stim.wav
512.79	1	1	512790	audiobook 1s	audiobooks/task-audiobook1_run-01_stim.wav
513.79	1	1	513790	audiobook 1s	audiobooks/task-audiobook1_run-01_stim.wav
514.791	1	1	514791	audiobook 1s	audiobooks/task-audiobook1_run-01_stim.wav
515.791	1	1	515791	audiobook 1s	audiobooks/task-audiobook1_run-01_stim.wav
516.791	1	1	516791	audiobook 1s	audiobooks/task-audiobook1_run-01_stim.wav
517.792	1	1	517792	audiobook 1s	audiobooks/task-audiobook1_run-01_stim.wav
518.792	1	1	518792	audiobook 1s	audiobooks/task-audiobook1_run-01_stim.wav
519.793	1	1	519793	audiobook 1s	audiobooks/task-audiobook1_run-01_stim.wav
520.793	1	1	520793	audiobook 1s	audiobooks/task-audiobook1_run-01_stim.wav
521.794	1	1	521794	audiobook 1s	audiobooks/task-audiobook1_run-01_stim.wav
522.794	1	1	522794	audiobook 1s	audiobooks/task-audiobook1_run-01_stim.wav
523.795	1	1	523795	audiobook 1s	audiobooks/task-audiobook1_run-01_stim.wav
524.795	1	1	524795	audiobook 1s	audiobooks/task-audiobook1_run-01_stim.wav
525.796	1	1	525796	audiobook 1s	audiobooks/task-audiobook1_run-01_stim.wav
526.796	1	1	526796	audiobook 1s	audiobooks/task-audiobook1_run-01_stim.wav
527.797	1	1	527797	audiobook 1s	audiobooks/task-audiobook1_run-01_stim.wav
528.797	1	1	528797	audiobook 1s	audiobooks/task-audiobook1_run-01_stim.wav
529.798	1	1	529798	audiobook 1s	audiobooks/task-audiobook1_run-01_stim.wav
530.798	1	1	530798	audiobook 1s	audiobooks/task-audiobook1_run-01_stim.wav
531.799	1	1	531799	audiobook 1s	audiobooks/task-audiobook1_run-01_stim.wav
532.799	1	1	532799	audiobook 1s	audiobooks/task-audiobook1_run-01_stim.wav
533.8	1	1	533800	audiobook 1s	audiobooks/task-audiobook1_run-01_stim.wav
534.8	1	1	534800	audiobook 1s	audiobooks/task-audiobook1_run-01_stim.wav
535.801	1	1	535801	audiobook 1s	audiobooks/task-audiobook1_run-01_stim.wav
536.801	1	1	536801	audiobook 1s	audiobooks/task-audiobook1_run-01_stim.wav
537.802	1	1	537802	audiobook 1s	audiobooks/task-audiobook1_run-01_stim.wav
538.802	1	1	538802	audiobook 1s	audiobooks/task-audiobook1_run-01_stim.wav
539.803	1	1	539803	audiobook 1s	audiobooks/task-audiobook1_run-01_stim.wav
540.803	1	1	540803	audiobook 1s	audiobooks/task-audiobook1_run-01_stim.wav
541.804	1	1	541804	audiobook 1s	audiobooks/task-audiobook1_run-01_stim.wav
542.804	1	1	542804	audiobook 1s	audiobooks/task-audiobook1_run-01_stim.wav
543.805	1	1	543805	audiobook 1s	audiobooks/task-audiobook1_run-01_stim.wav
544.805	1	1	544805	audiobook 1s	audiobooks/task-audiobook1_run-01_stim.wav
545.806	1	1	545806	audiobook 1s	audiobooks/task-audiobook1_run-01_stim.wav
546.806	1	1	546806	audiobook 1s	audiobooks/task-audiobook1_run-01_stim.wav
547.807	1	1	547807	audiobook 1s	audiobooks/task-audiobook1_run-01_stim.wav
548.807	1	1	548807	audiobook 1s	audiobooks/task-audiobook1_run-01_stim.wav
549.807	1	1	549807	audiobook 1s	audiobooks/task-audiobook1_run-01_stim.wav
550.808	1	1	550808	audiobook 1s	audiobooks/task-audiobook1_run-01_stim.wav
551.808	1	1	551808	audiobook 1s	audiobooks/task-audiobook1_run-01_stim.wav
552.809	1	1	552809	audiobook 1s	audiobooks/task-audiobook1_run-01_stim.wav
553.809	1	1	553809	audiobook 1s	audiobooks/task-audiobook1_run-01_stim.wav
554.81	1	1	554810	audiobook 1s	audiobooks/task-audiobook1_run-01_stim.wav
555.81	1	1	555810	audiobook 1s	audiobooks/task-audiobook1_run-01_stim.wav
556.811	1	1	556811	audiobook 1s	audiobooks/task-audiobook1_run-01_stim.wav
557.811	1	1	557811	audiobook 1s	audiobooks/task-audiobook1_run-01_stim.wav
558.812	1	1	558812	audiobook 1s	audiobooks/task-audiobook1_run-01_stim.wav
559.812	1	1	559812	audiobook 1s	audiobooks/task-audiobook1_run-01_stim.wav
560.813	1	1	560813	audiobook 1s	audiobooks/task-audiobook1_run-01_stim.wav
561.813	1	1	561813	audiobook 1s	audiobooks/task-audiobook1_run-01_stim.wav
562.814	1	1	562814	audiobook 1s	audiobooks/task-audiobook1_run-01_stim.wav
563.814	1	1	563814	audiobook 1s	audiobooks/task-audiobook1_run-01_stim.wav
564.815	1	1	564815	audiobook 1s	audiobooks/task-audiobook1_run-01_stim.wav
565.815	1	1	565815	audiobook 1s	audiobooks/task-audiobook1_run-01_stim.wav
566.816	1	1	566816	audiobook 1s	audiobooks/task-audiobook1_run-01_stim.wav
567.816	1	1	567816	audiobook 1s	audiobooks/task-audiobook1_run-01_stim.wav
568.817	1	1	568817	audiobook 1s	audiobooks/task-audiobook1_run-01_stim.wav
569.817	1	1	569817	audiobook 1s	audiobooks/task-audiobook1_run-01_stim.wav
570.818	1	1	570818	audiobook 1s	audiobooks/task-audiobook1_run-01_stim.wav
571.818	1	1	571818	audiobook 1s	audiobooks/task-audiobook1_run-01_stim.wav
572.819	1	1	572819	audiobook 1s	audiobooks/task-audiobook1_run-01_stim.wav
573.819	1	1	573819	audiobook 1s	audiobooks/task-audiobook1_run-01_stim.wav
574.82	1	1	574820	audiobook 1s	audiobooks/task-audiobook1_run-01_stim.wav
575.82	1	1	575820	audiobook 1s	audiobooks/task-audiobook1_run-01_stim.wav
576.821	1	1	576821	audiobook 1s	audiobooks/task-audiobook1_run-01_stim.wav
577.821	1	1	577821	audiobook 1s	audiobooks/task-audiobook1_run-01_stim.wav
578.822	1	1	578822	audiobook 1s	audiobooks/task-audiobook1_run-01_stim.wav
579.822	1	1	579822	audiobook 1s	audiobooks/task-audiobook1_run-01_stim.wav
580.823	1	1	580823	audiobook 1s	audiobooks/task-audiobook1_run-01_stim.wav
581.823	1	1	581823	audiobook 1s	audiobooks/task-audiobook1_run-01_stim.wav
582.823	1	1	582823	audiobook 1s	audiobooks/task-audiobook1_run-01_stim.wav
583.824	1	1	583824	audiobook 1s	audiobooks/task-audiobook1_run-01_stim.wav
584.824	1	1	584824	audiobook 1s	audiobooks/task-audiobook1_run-01_stim.wav
585.825	1	1	585825	audiobook 1s	audiobooks/task-audiobook1_run-01_stim.wav
586.825	1	1	586825	audiobook 1s	audiobooks/task-audiobook1_run-01_stim.wav
587.826	1	1	587826	audiobook 1s	audiobooks/task-audiobook1_run-01_stim.wav
588.826	1	1	588826	audiobook 1s	audiobooks/task-audiobook1_run-01_stim.wav
589.827	1	1	589827	audiobook 1s	audiobooks/task-audiobook1_run-01_stim.wav
590.827	1	1	590827	audiobook 1s	audiobooks/task-audiobook1_run-01_stim.wav
591.828	1	1	591828	audiobook 1s	audiobooks/task-audiobook1_run-01_stim.wav
592.828	1	1	592828	audiobook 1s	audiobooks/task-audiobook1_run-01_stim.wav
593.829	1	1	593829	audiobook 1s	audiobooks/task-audiobook1_run-01_stim.wav
594.829	1	1	594829	audiobook 1s	audiobooks/task-audiobook1_run-01_stim.wav
595.83	1	1	595830	audiobook 1s	audiobooks/task-audiobook1_run-01_stim.wav
596.83	1	1	596830	audiobook 1s	audiobooks/task-audiobook1_run-01_stim.wav
597.831	1	1	597831	audiobook 1s	audiobooks/task-audiobook1_run-01_stim.wav
598.831	1	1	598831	audiobook 1s	audiobooks/task-audiobook1_run-01_stim.wav
599.832	1	1	599832	audiobook 1s	audiobooks/task-audiobook1_run-01_stim.wav
600.832	1	1	600832	audiobook 1s	audiobooks/task-audiobook1_run-01_stim.wav
601.833	1	1	601833	audiobook 1s	audiobooks/task-audiobook1_run-01_stim.wav
602.833	1	1	602833	audiobook 1s	audiobooks/task-audiobook1_run-01_stim.wav
603.834	1	1	603834	audiobook 1s	audiobooks/task-audiobook1_run-01_stim.wav
604.834	1	1	604834	audiobook 1s	audiobooks/task-audiobook1_run-01_stim.wav
605.835	1	1	605835	audiobook 1s	audiobooks/task-audiobook1_run-01_stim.wav
606.835	1	1	606835	audiobook 1s	audiobooks/task-audiobook1_run-01_stim.wav
607.836	1	1	607836	audiobook 1s	audiobooks/task-audiobook1_run-01_stim.wav
608.836	1	1	608836	audiobook 1s	audiobooks/task-audiobook1_run-01_stim.wav
609.837	1	1	609837	audiobook 1s	audiobooks/task-audiobook1_run-01_stim.wav
610.837	1	1	610837	audiobook 1s	audiobooks/task-audiobook1_run-01_stim.wav
611.838	1	1	611838	audiobook 1s	audiobooks/task-audiobook1_run-01_stim.wav
612.838	1	1	612838	audiobook 1s	audiobooks/task-audiobook1_run-01_stim.wav
613.839	1	1	613839	audiobook 1s	audiobooks/task-audiobook1_run-01_stim.wav
614.839	1	1	614839	audiobook 1s	audiobooks/task-audiobook1_run-01_stim.wav
615.839	1	1	615839	audiobook 1s	audiobooks/task-audiobook1_run-01_stim.wav
616.84	1	1	616840	audiobook 1s	audiobooks/task-audiobook1_run-01_stim.wav
617.84	1	1	617840	audiobook 1s	audiobooks/task-audiobook1_run-01_stim.wav
618.841	1	1	618841	audiobook 1s	audiobooks/task-audiobook1_run-01_stim.wav
619.841	1	1	619841	audiobook 1s	audiobooks/task-audiobook1_run-01_stim.wav
620.842	1	1	620842	audiobook 1s	audiobooks/task-audiobook1_run-01_stim.wav
621.842	1	1	621842	audiobook 1s	audiobooks/task-audiobook1_run-01_stim.wav
622.843	1	1	622843	audiobook 1s	audiobooks/task-audiobook1_run-01_stim.wav
623.843	1	1	623843	audiobook 1s	audiobooks/task-audiobook1_run-01_stim.wav
624.844	1	1	624844	audiobook 1s	audiobooks/task-audiobook1_run-01_stim.wav
625.844	1	1	625844	audiobook 1s	audiobooks/task-audiobook1_run-01_stim.wav
626.845	1	1	626845	audiobook 1s	audiobooks/task-audiobook1_run-01_stim.wav
627.845	1	1	627845	audiobook 1s	audiobooks/task-audiobook1_run-01_stim.wav
628.846	1	1	628846	audiobook 1s	audiobooks/task-audiobook1_run-01_stim.wav
629.846	1	1	629846	audiobook 1s	audiobooks/task-audiobook1_run-01_stim.wav
630.847	1	1	630847	audiobook 1s	audiobooks/task-audiobook1_run-01_stim.wav
631.847	1	1	631847	audiobook 1s	audiobooks/task-audiobook1_run-01_stim.wav
632.848	1	1	632848	audiobook 1s	audiobooks/task-audiobook1_run-01_stim.wav
633.848	1	1	633848	audiobook 1s	audiobooks/task-audiobook1_run-01_stim.wav
634.849	1	1	634849	audiobook 1s	audiobooks/task-audiobook1_run-01_stim.wav
635.849	1	1	635849	audiobook 1s	audiobooks/task-audiobook1_run-01_stim.wav
636.85	1	1	636850	audiobook 1s	audiobooks/task-audiobook1_run-01_stim.wav
637.85	1	1	637850	audiobook 1s	audiobooks/task-audiobook1_run-01_stim.wav
638.851	1	1	638851	audiobook 1s	audiobooks/task-audiobook1_run-01_stim.wav
639.851	1	1	639851	audiobook 1s	audiobooks/task-audiobook1_run-01_stim.wav
640.852	1	1	640852	audiobook 1s	audiobooks/task-audiobook1_run-01_stim.wav
641.852	1	1	641852	audiobook 1s	audiobooks/task-audiobook1_run-01_stim.wav
642.853	1	1	642853	audiobook 1s	audiobooks/task-audiobook1_run-01_stim.wav
643.853	1	1	643853	audiobook 1s	audiobooks/task-audiobook1_run-01_stim.wav
644.854	1	1	644854	audiobook 1s	audiobooks/task-audiobook1_run-01_stim.wav
645.854	1	1	645854	audiobook 1s	audiobooks/task-audiobook1_run-01_stim.wav
